{"frames": {

"button_lock_icon.png":
{
	"frame": {"x":746,"y":885,"w":37,"h":41},
	"rotated": false,
	"trimmed": false,
	"spriteSourceSize": {"x":0,"y":0,"w":37,"h":41},
	"sourceSize": {"w":37,"h":41}
},
"close_btn.png":
{
	"frame": {"x":840,"y":552,"w":100,"h":100},
	"rotated": false,
	"trimmed": false,
	"spriteSourceSize": {"x":0,"y":0,"w":100,"h":100},
	"sourceSize": {"w":100,"h":100}
},
"current_point.png":
{
	"frame": {"x":644,"y":428,"w":43,"h":43},
	"rotated": false,
	"trimmed": false,
	"spriteSourceSize": {"x":0,"y":0,"w":43,"h":43},
	"sourceSize": {"w":43,"h":43}
},
"dialog_bg.png":
{
	"frame": {"x":2,"y":2,"w":640,"h":487},
	"rotated": false,
	"trimmed": false,
	"spriteSourceSize": {"x":0,"y":0,"w":640,"h":487},
	"sourceSize": {"w":640,"h":487}
},
"direction_arrow.png":
{
	"frame": {"x":400,"y":619,"w":14,"h":22},
	"rotated": false,
	"trimmed": false,
	"spriteSourceSize": {"x":0,"y":0,"w":14,"h":22},
	"sourceSize": {"w":14,"h":22}
},
"end_point.png":
{
	"frame": {"x":898,"y":654,"w":43,"h":43},
	"rotated": false,
	"trimmed": false,
	"spriteSourceSize": {"x":0,"y":0,"w":43,"h":43},
	"sourceSize": {"w":43,"h":43}
},
"FlatBackground.png":
{
	"frame": {"x":437,"y":491,"w":256,"h":256},
	"rotated": false,
	"trimmed": false,
	"spriteSourceSize": {"x":0,"y":0,"w":256,"h":256},
	"sourceSize": {"w":256,"h":256}
},
"fullscreen_btn_off.png":
{
	"frame": {"x":644,"y":2,"w":143,"h":143},
	"rotated": false,
	"trimmed": false,
	"spriteSourceSize": {"x":0,"y":0,"w":143,"h":143},
	"sourceSize": {"w":143,"h":143}
},
"fullscreen_btn_on.png":
{
	"frame": {"x":644,"y":147,"w":143,"h":143},
	"rotated": false,
	"trimmed": false,
	"spriteSourceSize": {"x":0,"y":0,"w":143,"h":143},
	"sourceSize": {"w":143,"h":143}
},
"game_over_level_icon.png":
{
	"frame": {"x":840,"y":654,"w":56,"h":54},
	"rotated": false,
	"trimmed": false,
	"spriteSourceSize": {"x":0,"y":0,"w":56,"h":54},
	"sourceSize": {"w":56,"h":54}
},
"game_over_time_icon.png":
{
	"frame": {"x":273,"y":891,"w":52,"h":53},
	"rotated": false,
	"trimmed": false,
	"spriteSourceSize": {"x":0,"y":0,"w":52,"h":53},
	"sourceSize": {"w":52,"h":53}
},
"gameback.png":
{
	"frame": {"x":400,"y":643,"w":4,"h":4},
	"rotated": false,
	"trimmed": false,
	"spriteSourceSize": {"x":0,"y":0,"w":4,"h":4},
	"sourceSize": {"w":4,"h":4}
},
"hand.png":
{
	"frame": {"x":840,"y":428,"w":97,"h":122},
	"rotated": false,
	"trimmed": false,
	"spriteSourceSize": {"x":0,"y":0,"w":97,"h":122},
	"sourceSize": {"w":97,"h":122}
},
"home_button.png":
{
	"frame": {"x":789,"y":2,"w":143,"h":143},
	"rotated": false,
	"trimmed": false,
	"spriteSourceSize": {"x":0,"y":0,"w":143,"h":143},
	"sourceSize": {"w":143,"h":143}
},
"level_icon_complete.png":
{
	"frame": {"x":798,"y":863,"w":120,"h":120},
	"rotated": false,
	"trimmed": false,
	"spriteSourceSize": {"x":0,"y":0,"w":120,"h":120},
	"sourceSize": {"w":120,"h":120}
},
"level_icon_locked.png":
{
	"frame": {"x":400,"y":885,"w":120,"h":120},
	"rotated": false,
	"trimmed": false,
	"spriteSourceSize": {"x":0,"y":0,"w":120,"h":120},
	"sourceSize": {"w":120,"h":120}
},
"level_icon_unlocked.png":
{
	"frame": {"x":522,"y":885,"w":120,"h":120},
	"rotated": false,
	"trimmed": false,
	"spriteSourceSize": {"x":0,"y":0,"w":120,"h":120},
	"sourceSize": {"w":120,"h":120}
},
"level_marker_icon.png":
{
	"frame": {"x":215,"y":891,"w":56,"h":54},
	"rotated": false,
	"trimmed": false,
	"spriteSourceSize": {"x":0,"y":0,"w":56,"h":54},
	"sourceSize": {"w":56,"h":54}
},
"music_btn_off.png":
{
	"frame": {"x":789,"y":147,"w":143,"h":143},
	"rotated": false,
	"trimmed": false,
	"spriteSourceSize": {"x":0,"y":0,"w":143,"h":143},
	"sourceSize": {"w":143,"h":143}
},
"music_btn_on.png":
{
	"frame": {"x":695,"y":428,"w":143,"h":143},
	"rotated": false,
	"trimmed": false,
	"spriteSourceSize": {"x":0,"y":0,"w":143,"h":143},
	"sourceSize": {"w":143,"h":143}
},
"mute_btn_off.png":
{
	"frame": {"x":695,"y":573,"w":143,"h":143},
	"rotated": false,
	"trimmed": false,
	"spriteSourceSize": {"x":0,"y":0,"w":143,"h":143},
	"sourceSize": {"w":143,"h":143}
},
"mute_btn_on.png":
{
	"frame": {"x":798,"y":718,"w":143,"h":143},
	"rotated": false,
	"trimmed": false,
	"spriteSourceSize": {"x":0,"y":0,"w":143,"h":143},
	"sourceSize": {"w":143,"h":143}
},
"next_button.png":
{
	"frame": {"x":644,"y":292,"w":286,"h":134},
	"rotated": false,
	"trimmed": false,
	"spriteSourceSize": {"x":0,"y":0,"w":286,"h":134},
	"sourceSize": {"w":286,"h":134}
},
"particle_star1.png":
{
	"frame": {"x":695,"y":718,"w":69,"h":18},
	"rotated": false,
	"trimmed": true,
	"spriteSourceSize": {"x":0,"y":26,"w":69,"h":18},
	"sourceSize": {"w":69,"h":73}
},
"play_button.png":
{
	"frame": {"x":2,"y":619,"w":396,"h":134},
	"rotated": false,
	"trimmed": false,
	"spriteSourceSize": {"x":0,"y":0,"w":396,"h":134},
	"sourceSize": {"w":396,"h":134}
},
"play_dark_mode_button.png":
{
	"frame": {"x":400,"y":749,"w":396,"h":134},
	"rotated": false,
	"trimmed": false,
	"spriteSourceSize": {"x":0,"y":0,"w":396,"h":134},
	"sourceSize": {"w":396,"h":134}
},
"play_time_trial_button.png":
{
	"frame": {"x":2,"y":755,"w":396,"h":134},
	"rotated": false,
	"trimmed": false,
	"spriteSourceSize": {"x":0,"y":0,"w":396,"h":134},
	"sourceSize": {"w":396,"h":134}
},
"settings_btn.png":
{
	"frame": {"x":644,"y":885,"w":100,"h":100},
	"rotated": false,
	"trimmed": false,
	"spriteSourceSize": {"x":0,"y":0,"w":100,"h":100},
	"sourceSize": {"w":100,"h":100}
},
"star1.png":
{
	"frame": {"x":2,"y":891,"w":69,"h":73},
	"rotated": false,
	"trimmed": false,
	"spriteSourceSize": {"x":0,"y":0,"w":69,"h":73},
	"sourceSize": {"w":69,"h":73}
},
"star2.png":
{
	"frame": {"x":73,"y":891,"w":69,"h":73},
	"rotated": false,
	"trimmed": false,
	"spriteSourceSize": {"x":0,"y":0,"w":69,"h":73},
	"sourceSize": {"w":69,"h":73}
},
"star3.png":
{
	"frame": {"x":144,"y":891,"w":69,"h":73},
	"rotated": false,
	"trimmed": false,
	"spriteSourceSize": {"x":0,"y":0,"w":69,"h":73},
	"sourceSize": {"w":69,"h":73}
},
"title.png":
{
	"frame": {"x":2,"y":491,"w":433,"h":126},
	"rotated": false,
	"trimmed": true,
	"spriteSourceSize": {"x":5,"y":2,"w":433,"h":126},
	"sourceSize": {"w":443,"h":162}
},
"transition_rect.png":
{
	"frame": {"x":400,"y":649,"w":4,"h":4},
	"rotated": false,
	"trimmed": false,
	"spriteSourceSize": {"x":0,"y":0,"w":4,"h":4},
	"sourceSize": {"w":4,"h":4}
}},
"animations": {
	"star": ["star1.png","star2.png","star3.png"]
},
"meta": {
	"app": "https://www.codeandweb.com/texturepacker",
	"version": "1.0",
	"image": "spritesheet.png",
	"format": "RGBA8888",
	"size": {"w":943,"h":1007},
	"scale": "1",
	"smartupdate": "$TexturePacker:SmartUpdate:3a0440b25211f6149f208aea00657496:bdfa4e5a2990d93e6d4e243ec113ee27:729adc6043343cfda41c447ce8f464d6$"
}
}
