{"CookieSPAEnabled":false,"MultiVariantTestingEnabled":false,"UseV2":true,"MobileSDK":false,"SkipGeolocation":false,"ScriptType":"PRODUCTION","Version":"6.16.0","OptanonDataJSON":"e63a91ad-15ec-4e2d-ae18-2a0b6143ecd8","GeolocationUrl":"https://geolocation.onetrust.com/cookieconsentpub/v1/geo/location","RuleSet":[{"Id":"f951d86b-25cc-45a7-beb2-79b5b299d27c","Name":"TCF2 Audience","Countries":["de","no","fi","be","pt","bg","dk","lt","lu","hr","lv","fr","hu","se","mc","si","sk","mf","sm","gb","yt","ie","gf","ee","mq","mt","gp","is","it","gr","es","at","re","cy","cz","ax","pl","ro","li","nl"],"States":{},"LanguageSwitcherPlaceholder":{"no":"no","de":"de","ru":"ru","fi":"fi","pt":"pt","bg":"bg","lt":"lt","lv":"lv","hr":"hr","fr":"fr","hu":"hu","default":"en","uk":"uk","sk":"sk","sl":"sl","id":"id","sv":"sv","mt":"mt","el":"el","it":"it","es":"es","et":"et","cs":"cs","ar":"ar","vi":"vi","th":"th","ja":"ja","pl":"pl","ro":"ro","da":"da","tr":"tr","nl":"nl"},"BannerPushesDown":false,"Default":false,"Global":false,"Type":"IAB2","UseGoogleVendors":true,"VariantEnabled":false,"TestEndTime":null,"Variants":[]},{"Id":"64c60253-80e2-4124-a0ab-bf6ddc1ef183","Name":"Global Audience","Countries":["pr","ps","pw","py","qa","ad","ae","af","ag","ai","al","am","ao","aq","ar","as","au","aw","az","ba","bb","rs","bd","ru","bf","rw","bh","bi","bj","bl","bm","bn","bo","sa","bq","sb","sc","br","sd","bs","bt","sg","bv","sh","bw","by","sj","bz","sl","sn","so","ca","sr","ss","cc","cd","st","cf","sv","cg","sx","ch","sy","ci","sz","ck","cl","cm","cn","co","tc","cr","td","tf","cu","cv","tg","th","cw","cx","tj","tk","tl","tm","tn","to","tr","tt","tv","tw","dj","tz","dm","do","ua","ug","dz","um","ec","us","eg","eh","uy","uz","va","vc","er","et","ve","vg","vi","vn","vu","fj","fk","fm","fo","wf","ga","ws","gd","ge","gg","gh","gi","gl","gm","gn","gq","gs","gt","gu","gw","gy","hk","hm","hn","ht","ye","id","il","im","in","io","za","iq","ir","zm","je","zw","jm","jo","jp","ke","kg","kh","ki","km","kn","kp","kr","kw","ky","kz","la","lb","lc","lk","lr","ls","ly","ma","md","me","mg","mh","mk","ml","mm","mn","mo","mp","mr","ms","mu","mv","mw","mx","my","mz","na","nc","ne","nf","ng","ni","np","nr","nu","nz","om","pa","pe","pf","pg","ph","pk","pm","pn"],"States":{},"LanguageSwitcherPlaceholder":{"no":"no","de":"de","ru":"ru","fi":"fi","pt":"pt","bg":"bg","lt":"lt","lv":"lv","hr":"hr","fr":"fr","hu":"hu","default":"en-US","uk":"uk","sk":"sk","sl":"sl","id":"id","sv":"sv","mt":"mt","el":"el","it":"it","es":"es","et":"et","cs":"cs","ar":"ar","vi":"vi","th":"th","ja":"ja","pl":"pl","ro":"ro","da":"da","tr":"tr","nl":"nl"},"BannerPushesDown":false,"Default":true,"Global":true,"Type":"GENERIC","UseGoogleVendors":false,"VariantEnabled":false,"TestEndTime":null,"Variants":[]}],"IabData":{"cookieVersion":"1","createdTime":"2021-04-21T14:05:53.579086","updatedTime":"2021-04-21T14:05:53.579092","cmpId":"28","cmpVersion":"1","consentScreen":"1","consentLanguage":null,"vendorListVersion":0,"maxVendorId":0,"encodingType":"0","globalVendorListUrl":"https://cookie-cdn.cookiepro.com/vendorlist/iabData.json"},"IabV2Data":{"cookieVersion":"1","createdTime":"2021-04-21T14:05:53.611206","updatedTime":"2021-04-21T14:05:53.611212","cmpId":"28","cmpVersion":"1","consentScreen":"1","consentLanguage":null,"vendorListVersion":86,"maxVendorId":0,"encodingType":"0","globalVendorListUrl":"https://cookie-cdn.cookiepro.com/vendorlist/iab2Data.json"},"GoogleData":{"vendorListVersion":1,"googleVendorListUrl":"https://cookie-cdn.cookiepro.com/vendorlist/googleData.json"},"ScriptDynamicLoadEnabled":false,"TenantFeatures":{"CookieV2TCF21":true,"CookiesSameSiteNone":true,"CookieV2GeneralVendors":true},"IsSuppressBanner":false,"IsSuppressPC":false,"PublisherCC":"UK","Domain":"famobi.com"}